ISIN,Ticker,InstrumentName,InstrumentType,Currency,Exchange,Price,Vendor
USRYBZH2I7Z5,AAPL,Apple Inc.,Technology,USD,NMS,254.49,VendorC
USYNBSXY167A,NVDA,NVIDIA Corporation,Technology,USD,NMS,134.7,VendorC
US96LMQW36KB,MSFT,Microsoft Corporation,Technology,USD,NMS,436.6,VendorC
USLEHAHE82Y9,AMZN,"Amazon.com, Inc.",Consumer Cyclical,USD,NMS,224.92,VendorC
USZSDDYB7LKL,GOOGL,Alphabet Inc.,Communication Services,USD,NMS,191.41,VendorC
,GOOG,Alphabet Inc.,Communication Services,USD,NMS,192.96,VendorC
US2I4EH9RWYK,META,"Meta Platforms, Inc.",Communication Services,USD,NMS,585.25,VendorC
USPHBD2E8D88,TSLA,"Tesla, Inc.",Consumer Cyclical,USD,NMS,421.06,VendorC
USLZAY2A0IGF,AVGO,Broadcom Inc.,Technology,USD,NMS,220.79,VendorC
USWHSOL6A3VW,BRK-B,Berkshire Hathaway Inc.,Financial Services,USD,NYQ,453.2,VendorC
USC7RX5GXI9M,WMT,Walmart Inc.,Consumer Defensive,USD,NYQ,-5.0,VendorC
USW8PCPESNFI,LLY,Eli Lilly and Company,Healthcare,USD,NYQ,767.76,VendorC
USL9OBR4O8UE,JPM,JPMorgan Chase & Co.,Financial Services,USD,NYQ,237.6,VendorC
USD3XV3J0ALT,V,Visa Inc.,Financial Services,USD,NYQ,317.71,VendorC
US6EOWIVDPQN,MA,Mastercard Incorporated,Financial Services,USD,NYQ,528.03,VendorC
USAS3HWADOGL,ORCL,Oracle Corporation,Technology,USD,NYQ,169.66,VendorC
USVDN1N799VU,XOM,Exxon Mobil Corporation,Energy,USD,NYQ,105.87,VendorC
USM8YVF2B23C,UNH,UnitedHealth Group Incorporated,Healthcare,USD,NYQ,500.13,VendorC
US0SNCVTULEN,COST,Costco Wholesale Corporation,Consumer Defensive,USD,NMS,954.07,VendorC
USBXODMQE335,PG,The Procter & Gamble Company,Consumer Defensive,USD,NYQ,168.06,VendorC
UST9ARLYFTJ7,HD,"The Home Depot, Inc.",Consumer Cyclical,USD,NYQ,392.6,VendorC
USVYX1OGK3FJ,NFLX,"Netflix, Inc.",Communication Services,USD,NMS,909.05,VendorC
US4CHP2N1H99,JNJ,Johnson & Johnson,Healthcare,USD,NYQ,144.47,VendorC
USOAX5G6LOJJ,BAC,Bank of America Corporation,Financial Services,USD,NYQ,44.17,VendorC
USU3TH5AMSGG,CRM,"Salesforce, Inc.",Technology,USD,NYQ,343.65,VendorC
USN1Z1TGKLH8,ABBV,AbbVie Inc.,Healthcare,USD,NYQ,175.58,VendorC
USNCB5RC1EAX,KO,The Coca-Cola Company,Consumer Defensive,USD,NYQ,62.55,VendorC
USKXCIXID2AG,TMUS,"T-Mobile US, Inc.",Communication Services,USD,NMS,220.31,VendorC
US9A7E9MF2J1,CVX,Chevron Corporation,Energy,USD,NYQ,142.85,VendorC
USBS22OF7RPJ,MRK,"Merck & Co., Inc.",Healthcare,USD,NYQ,98.05,VendorC
USJ73Z0H1P97,WFC,Wells Fargo & Company,Financial Services,USD,NYQ,70.34,VendorC
USA4WBCBU1WX,CSCO,"Cisco Systems, Inc.",Technology,USD,NMS,58.52,VendorC
USBE9UPHSKHQ,ACN,Accenture plc,Technology,USD,NYQ,366.37,VendorC
USQT20P6FAVQ,NOW,"ServiceNow, Inc.",Technology,USD,NYQ,1091.25,VendorC
USOT54LLYRFN,AXP,American Express Company,Financial Services,USD,NYQ,298.65,VendorC
USW7VS1UNCI2,MCD,McDonald's Corporation,Consumer Cyclical,USD,NYQ,292.68,VendorC
USSO5HGA9537,PEP,"PepsiCo, Inc.",Consumer Defensive,USD,NMS,152.79,VendorC
US6GZJ4MBL9I,BX,Blackstone Inc.,Financial Services,USD,NYQ,170.84,VendorC
USOD56V8ZLWU,IBM,International Business Machines Corporation,Technology,USD,NYQ,223.36,VendorC
USU9IWIBWFZK,DIS,The Walt Disney Company,Communication Services,USD,NYQ,112.03,VendorC
USZC06A2XR0K,LIN,Linde plc,Basic Materials,USD,NMS,424.31,VendorC
USWPIT26YHV1,TMO,Thermo Fisher Scientific Inc.,Healthcare,USD,NYQ,524.05,VendorC
US9IGGTP4338,MS,Morgan Stanley,Financial Services,USD,NYQ,123.44,VendorC
USISYIJU5HO6,ABT,Abbott Laboratories,Healthcare,USD,NYQ,114.23,VendorC
USRZYDTRL4GM,ADBE,Adobe Inc.,Technology,USD,NMS,447.17,VendorC
USWVYZ28BBQZ,AMD,"Advanced Micro Devices, Inc.",Technology,USD,NMS,119.21,VendorC
USAI5SNNQCN9,PM,Philip Morris International Inc.,Consumer Defensive,USD,NYQ,124.22,VendorC
USRIGQXX8GNM,ISRG,"Intuitive Surgical, Inc.",Healthcare,USD,NMS,524.43,VendorC
USCHF7LMF91H,PLTR,Palantir Technologies Inc.,Technology,USD,NMS,80.55,VendorC
USVJIC7UILX3,GE,GE Aerospace,Industrials,USD,NYQ,168.37,VendorC
USKTMQ9IO3RV,INTU,Intuit Inc.,Technology,USD,NMS,643.39,VendorC
USKID18NK7UD,GS,"The Goldman Sachs Group, Inc.",Financial Services,USD,NYQ,566.1,VendorC
USOMDJJXXSHN,CAT,Caterpillar Inc.,Industrials,USD,NYQ,366.04,VendorC
USDCVZL7Y79A,TXN,Texas Instruments Incorporated,Technology,USD,NMS,186.87,VendorC
USJQ0C6BKWKU,QCOM,QUALCOMM Incorporated,Technology,USD,NMS,152.89,VendorC
USV399BMIOKC,VZ,Verizon Communications Inc.,Communication Services,USD,NYQ,39.93,VendorC
USAETN7TNKHJ,BKNG,Booking Holdings Inc.,Consumer Cyclical,USD,NMS,5048.59,VendorC
USLQ5RDA65JZ,DHR,Danaher Corporation,Healthcare,USD,NYQ,228.55,VendorC
US3UAR4L4ZE0,T,AT&T Inc.,Communication Services,USD,NYQ,22.75,VendorC
US8WTAZV6CEU,BLK,"BlackRock, Inc.",Financial Services,USD,NYQ,1028.69,VendorC
USRI67ZJ7ZSI,RTX,RTX Corporation,Industrials,USD,NYQ,116.48,VendorC
US7KRLLR59JA,SPGI,S&P Global Inc.,Financial Services,USD,NYQ,491.81,VendorC
USVML265XHMH,PFE,Pfizer Inc.,Healthcare,USD,NYQ,26.36,VendorC
USDG005QSEF8,HON,Honeywell International Inc.,Industrials,USD,NMS,228.32,VendorC
US6KWNXLKJM3,NEE,"NextEra Energy, Inc.",Utilities,USD,NYQ,71.67,VendorC
US2GL3NC2G5U,CMCSA,Comcast Corporation,Communication Services,USD,NMS,38.22,VendorC
USQ74I4FMWQ1,ANET,Arista Networks Inc,Technology,USD,NYQ,112.81,VendorC
USJQLE9WHCEL,AMGN,Amgen Inc.,Healthcare,USD,NMS,263.38,VendorC
USZA3G637ZI2,PGR,The Progressive Corporation,Financial Services,USD,NYQ,239.97,VendorC
US70I9FPNOJ7,LOW,"Lowe's Companies, Inc.",Consumer Cyclical,USD,NYQ,247.72,VendorC
US8UBZBSHU76,SYK,Stryker Corporation,Healthcare,USD,NYQ,364.6,VendorC
USCAGFFJLIPH,UNP,Union Pacific Corporation,Industrials,USD,NYQ,226.32,VendorC
USZVSFM5NXHN,TJX,"The TJX Companies, Inc.",Consumer Cyclical,USD,NYQ,122.0,VendorC
US0PGSMK1Q29,KKR,KKR & Co. Inc.,Financial Services,USD,NYQ,147.58,VendorC
US7WBJUP3U6R,SCHW,The Charles Schwab Corporation,Financial Services,USD,NYQ,74.31,VendorC
USMU6LTF1SWS,ETN,Eaton Corporation plc,Industrials,USD,NYQ,338.12,VendorC
USACN83EVK7E,AMAT,"Applied Materials, Inc.",Technology,USD,NMS,163.59,VendorC
US6FGIAF3WZX,BA,The Boeing Company,Industrials,USD,NYQ,177.35,VendorC
US8D5PAYDRO9,BSX,Boston Scientific Corporation,Healthcare,USD,NYQ,88.95,VendorC
USSMJJZ7PNEU,C,Citigroup Inc.,Financial Services,USD,NYQ,69.19,VendorC
USZSZDBS89CO,UBER,"Uber Technologies, Inc.",Technology,USD,NYQ,60.73,VendorC
USAQA488WJUS,COP,ConocoPhillips,Energy,USD,NYQ,95.12,VendorC
USHISXS3MTGE,PANW,"Palo Alto Networks, Inc.",Technology,USD,NMS,186.78,VendorC
USU2T6EGQ9DW,ADP,"Automatic Data Processing, Inc.",Technology,USD,NMS,294.02,VendorC
USTXWJRH13QZ,DE,Deere & Company,Industrials,USD,NYQ,432.49,VendorC
US4VPLJ7K2TO,FI,"Fiserv, Inc.",Technology,USD,NYQ,206.05,VendorC
USTYRXCIJTS7,BMY,Bristol-Myers Squibb Company,Healthcare,USD,NYQ,57.33,VendorC
USAUC0NWIA49,LMT,Lockheed Martin Corporation,Industrials,USD,NYQ,489.02,VendorC
USX1NEGZSN7H,GILD,"Gilead Sciences, Inc.",Healthcare,USD,NMS,92.57,VendorC
USIYUABYHS9L,NKE,"NIKE, Inc.",Consumer Cyclical,USD,NYQ,76.94,VendorC
USEB5AY3BGM5,CB,Chubb Limited,Financial Services,USD,NYQ,273.2,VendorC
US5CDMFSF0JE,UPS,"United Parcel Service, Inc.",Industrials,USD,NYQ,125.68,VendorC
US9ZQM4D5EII,ADI,"Analog Devices, Inc.",Technology,USD,NMS,211.78,VendorC
USE18Y9VK987,MMC,"Marsh & McLennan Companies, Inc.",Financial Services,USD,NYQ,211.74,VendorC
US0EO5LKE7M5,MDT,Medtronic plc,Healthcare,USD,NYQ,81.03,VendorC
USHUOCB7DQ16,VRTX,Vertex Pharmaceuticals Incorporated,Healthcare,USD,NMS,397.27,VendorC
USQFD6PUBS2O,MU,"Micron Technology, Inc.",Technology,USD,NMS,90.12,VendorC
USJRB9GR7B43,SBUX,Starbucks Corporation,Consumer Cyclical,USD,NMS,87.97,VendorC
US7UJ3Q1CWY7,PLD,"Prologis, Inc.",Real Estate,USD,NYQ,103.32,VendorC
USR7QXKKEUUK,GEV,GE Vernova Inc.,Utilities,USD,NYQ,342.66,VendorC
US3ZD4U9A6T9,LRCX,Lam Research Corporation,Technology,USD,NMS,71.79,VendorC
USNGGELZT5OZ,MO,"Altria Group, Inc.",Consumer Defensive,USD,NYQ,53.84,VendorC
USIRRJ6NL4HH,SO,The Southern Company,Utilities,USD,NYQ,82.86,VendorC
USYDZWZ7KKRT,EQIX,"Equinix, Inc.",Real Estate,USD,NMS,927.22,VendorC
USK2MB0OMAPT,CRWD,"CrowdStrike Holdings, Inc.",Technology,USD,NMS,362.29,VendorC
US2M6YLVVTDP,PYPL,"PayPal Holdings, Inc.",Financial Services,USD,NMS,87.13,VendorC
USZQ9VVYDJVT,SHW,The Sherwin-Williams Company,Basic Materials,USD,NYQ,345.47,VendorC
USOOK6IJWRFQ,ICE,"Intercontinental Exchange, Inc.",Financial Services,USD,NYQ,150.31,VendorC
USS76VYARYYU,CME,CME Group Inc.,Financial Services,USD,NMS,238.53,VendorC
USQJ3TL31YHH,AMT,American Tower Corporation,Real Estate,USD,NYQ,183.73,VendorC
US9FH2I7L7YT,APH,Amphenol Corporation,Technology,USD,NYQ,70.58,VendorC
USKGF7637VX4,ELV,"Elevance Health, Inc.",Healthcare,USD,NYQ,365.96,VendorC
US6U3JJ5GEWH,TT,Trane Technologies plc,Industrials,USD,NYQ,377.11,VendorC
US93MPUVRDAA,MCO,Moody's Corporation,Financial Services,USD,NYQ,466.35,VendorC
USBML4Q9W2BC,CMG,"Chipotle Mexican Grill, Inc.",Consumer Cyclical,USD,NYQ,61.87,VendorC
US9FM9WQ0XCT,INTC,Intel Corporation,Technology,USD,NMS,19.52,VendorC
US26WP7OP65K,KLAC,KLA Corporation,Technology,USD,NMS,629.37,VendorC
USOQIZ8816ID,ABNB,"Airbnb, Inc.",Consumer Cyclical,USD,NMS,134.21,VendorC
USXKBFI7KN1Y,DUK,Duke Energy Corporation,Utilities,USD,NYQ,108.28,VendorC
USAHYIJ70FLJ,PH,Parker-Hannifin Corporation,Industrials,USD,NYQ,647.2,VendorC
US16EWVEAV2H,CDNS,"Cadence Design Systems, Inc.",Technology,USD,NMS,301.47,VendorC
USAMAE1KNFPC,WM,"Waste Management, Inc.",Industrials,USD,NYQ,205.83,VendorC
US1MX9FFYI7T,DELL,Dell Technologies Inc.,Technology,USD,NYQ,115.77,VendorC
USPV9P53EQA3,MDLZ,"Mondelez International, Inc.",Consumer Defensive,USD,NMS,59.39,VendorC
USHW60PZ7GWH,MAR,"Marriott International, Inc.",Consumer Cyclical,USD,NMS,283.96,VendorC
USAURJ40N4Z8,MSI,"Motorola Solutions, Inc.",Technology,USD,NYQ,469.94,VendorC
USUY8UXLTJ8J,WELL,Welltower Inc.,Real Estate,USD,NYQ,124.64,VendorC
US9S3NSBPOK3,AON,Aon plc,Financial Services,USD,NYQ,358.47,VendorC
USVYX573WGT9,REGN,"Regeneron Pharmaceuticals, Inc.",Healthcare,USD,NMS,701.85,VendorC
USK16G9QEXGI,CI,The Cigna Group,Healthcare,USD,NYQ,276.92,VendorC
USTCNITU1PHU,HCA,"HCA Healthcare, Inc.",Healthcare,USD,NYQ,303.62,VendorC
USE4F0PANE24,PNC,"The PNC Financial Services Group, Inc.",Financial Services,USD,NYQ,192.76,VendorC
USO9OX1IK1JR,ITW,Illinois Tool Works Inc.,Industrials,USD,NYQ,258.82,VendorC
USE4MLHSVPM3,SNPS,"Synopsys, Inc.",Technology,USD,NMS,492.18,VendorC
USCYQRSNJFG4,CTAS,Cintas Corporation,Industrials,USD,NMS,186.94,VendorC
USBY61UJATH8,CL,Colgate-Palmolive Company,Consumer Defensive,USD,NYQ,92.03,VendorC
US4MQ2VLXVRH,USB,U.S. Bancorp,Financial Services,USD,NYQ,47.92,VendorC
USXFAGWRMMWB,FTNT,"Fortinet, Inc.",Technology,USD,NMS,97.19,VendorC
USK9S73A05MU,ZTS,Zoetis Inc.,Healthcare,USD,NYQ,164.84,VendorC
USBUYY89CGN3,MCK,McKesson Corporation,Healthcare,USD,NYQ,579.74,VendorC
US74349S51WE,GD,General Dynamics Corporation,Industrials,USD,NYQ,263.64,VendorC
USWUFOJ39OSK,TDG,TransDigm Group Incorporated,Industrials,USD,NYQ,1276.15,VendorC
US69KVXB8U6R,CEG,Constellation Energy Corporation,Utilities,USD,NMS,227.02,VendorC
US63ZLYLRPM6,AJG,Arthur J. Gallagher & Co.,Financial Services,USD,NYQ,283.1,VendorC
US9UEIFDE2MB,EMR,Emerson Electric Co.,Industrials,USD,NYQ,124.09,VendorC
USTWX2LY66LC,MMM,3M Company,Industrials,USD,NYQ,129.28,VendorC
USBNT777AGC7,ORLY,"O'Reilly Automotive, Inc.",Consumer Cyclical,USD,NMS,1219.11,VendorC
USK9HL00NA48,NOC,Northrop Grumman Corporation,Industrials,USD,NYQ,469.54,VendorC
USXVPUM4UH29,COF,Capital One Financial Corporation,Financial Services,USD,NYQ,178.65,VendorC
USCLOGMGA81G,ECL,Ecolab Inc.,Basic Materials,USD,NYQ,238.29,VendorC
US5DZ5TV8SXI,EOG,"EOG Resources, Inc.",Energy,USD,NYQ,119.04,VendorC
US8OKD2GHQC0,FDX,FedEx Corporation,Industrials,USD,NYQ,275.73,VendorC
US7C3CXBIE72,BDX,"Becton, Dickinson and Company",Healthcare,USD,NYQ,227.68,VendorC
US2JJPLQ2KJB,APD,"Air Products and Chemicals, Inc.",Basic Materials,USD,NYQ,294.99,VendorC
USFIFIXCNRQ5,WMB,"The Williams Companies, Inc.",Energy,USD,NYQ,53.49,VendorC
US7KWZ46CSZ8,SPG,"Simon Property Group, Inc.",Real Estate,USD,NYQ,171.61,VendorC
USX82Y0Z0MDP,ADSK,"Autodesk, Inc.",Technology,USD,NMS,298.12,VendorC
USNRD3P8FM71,RCL,Royal Caribbean Cruises Ltd.,Consumer Cyclical,USD,NYQ,238.43,VendorC
USKIOB8TSOFF,RSG,"Republic Services, Inc.",Industrials,USD,NYQ,203.73,VendorC
USUNM0BW1SOC,CARR,Carrier Global Corporation,Industrials,USD,NYQ,68.49,VendorC
USXY0HP7PQMQ,CSX,CSX Corporation,Industrials,USD,NMS,31.85,VendorC
US2N22B6J3LC,HLT,Hilton Worldwide Holdings Inc.,Consumer Cyclical,USD,NYQ,249.42,VendorC
USNQONCFDBME,DLR,"Digital Realty Trust, Inc.",Real Estate,USD,NYQ,178.57,VendorC
USW4I20U14Z4,TGT,Target Corporation,Consumer Defensive,USD,NYQ,131.48,VendorC
USAM2FKYLDIQ,KMI,"Kinder Morgan, Inc.",Energy,USD,NYQ,26.85,VendorC
USAKZBESW41W,OKE,"ONEOK, Inc.",Energy,USD,NYQ,100.08,VendorC
USS01VLXO279,TFC,Truist Financial Corporation,Financial Services,USD,NYQ,43.32,VendorC
USDZ3RGFKYY5,AFL,Aflac Incorporated,Financial Services,USD,NYQ,102.69,VendorC
US147CKOS4VV,GM,General Motors Company,Consumer Cyclical,USD,NYQ,51.81,VendorC
USR50R3L4185,BK,The Bank of New York Mellon Corporation,Financial Services,USD,NYQ,77.62,VendorC
USF7NS21U1XY,ROP,"Roper Technologies, Inc.",Technology,USD,NMS,525.4,VendorC
US9Z1IV5OMIQ,MET,"MetLife, Inc.",Financial Services,USD,NYQ,81.36,VendorC
USGDH5T5WTM5,CPRT,"Copart, Inc.",Industrials,USD,NMS,58.22,VendorC
USJUY9A9UUGE,FCX,Freeport-McMoRan Inc.,Basic Materials,USD,NYQ,38.86,VendorC
USU0LNJHUIX1,CVS,CVS Health Corporation,Healthcare,USD,NYQ,44.36,VendorC
USTYVGMN756R,PCAR,PACCAR Inc,Industrials,USD,NMS,105.32,VendorC
USSR8D5R1YOM,SRE,Sempra,Utilities,USD,NYQ,86.81,VendorC
US1LXXKWR0HV,AZO,"AutoZone, Inc.",Consumer Cyclical,USD,NYQ,3253.47,VendorC
USCCWIB4WDDX,TRV,"The Travelers Companies, Inc.",Financial Services,USD,NYQ,240.76,VendorC
USY5DXGERUIU,NXPI,NXP Semiconductors N.V.,Technology,USD,NMS,210.24,VendorC
USDRT12FFZ2F,JCI,Johnson Controls International plc,Industrials,USD,NYQ,80.64,VendorC
USE6YE4UT1O5,GWW,"W.W. Grainger, Inc.",Industrials,USD,NYQ,1092.96,VendorC
US2F5P75LTSX,NSC,Norfolk Southern Corporation,Industrials,USD,NYQ,234.15,VendorC
US148KHWTE08,PSA,Public Storage,Real Estate,USD,NYQ,297.5,VendorC
USWXAR2DLGCK,SLB,Schlumberger Limited,Energy,USD,NYQ,36.83,VendorC
US72AMK6N6MA,AMP,"Ameriprise Financial, Inc.",Financial Services,USD,NYQ,532.12,VendorC
USOXZGDSRNP3,ALL,The Allstate Corporation,Financial Services,USD,NYQ,193.56,VendorC
US25WKD75N1W,FICO,Fair Isaac Corporation,Technology,USD,NYQ,2090.98,VendorC
USZOYKD0JCRS,MNST,Monster Beverage Corporation,Consumer Defensive,USD,NMS,51.72,VendorC
UST1KWQWD3CS,PAYX,"Paychex, Inc.",Technology,USD,NMS,139.54,VendorC
US7TEWZ0YMQ4,CHTR,"Charter Communications, Inc.",Communication Services,USD,NMS,351.5,VendorC
USC86EHOLUZ2,AEP,"American Electric Power Company, Inc.",Utilities,USD,NMS,92.75,VendorC
USS151VDNHUO,ROST,"Ross Stores, Inc.",Consumer Cyclical,USD,NMS,149.15,VendorC
USUS1EPUMKK2,PWR,"Quanta Services, Inc.",Industrials,USD,NYQ,328.41,VendorC
USIH0QH10C57,CMI,Cummins Inc.,Industrials,USD,NYQ,351.38,VendorC
USZSOBJINWXS,AXON,"Axon Enterprise, Inc.",Industrials,USD,NMS,631.69,VendorC
USEK0F0GJIR3,VST,Vistra Corp.,Utilities,USD,NYQ,139.95,VendorC
USGGFYBT3IHI,URI,"United Rentals, Inc.",Industrials,USD,NYQ,722.64,VendorC
USJAD7SCH2TT,MSCI,MSCI Inc.,Financial Services,USD,NYQ,604.8,VendorC
USIQE6FRAMWI,LULU,Lululemon Athletica Inc.,Consumer Cyclical,USD,NMS,379.42,VendorC
US47C2EPY1KF,O,Realty Income Corporation,Real Estate,USD,NYQ,52.79,VendorC
USTO90Y1L1XL,PSX,Phillips 66,Energy,USD,NYQ,110.37,VendorC
USIR6BV48YNY,AIG,"American International Group, Inc.",Financial Services,USD,NYQ,72.69,VendorC
USCCD6FVLJEQ,FANG,"Diamondback Energy, Inc.",Energy,USD,NMS,154.94,VendorC
USM4D72XX4FH,D,"Dominion Energy, Inc.",Utilities,USD,NYQ,53.66,VendorC
USKGLZLOJQEA,HWM,Howmet Aerospace Inc.,Industrials,USD,NYQ,110.83,VendorC
US9T6NI1HX37,DHI,"D.R. Horton, Inc.",Consumer Cyclical,USD,NYQ,139.61,VendorC
USFM1VNFIADS,KR,The Kroger Co.,Consumer Defensive,USD,NYQ,61.85,VendorC
USH4PJCFGTPY,NDAQ,"Nasdaq, Inc.",Financial Services,USD,NMS,77.7,VendorC
USD464PGBP4L,OXY,Occidental Petroleum Corporation,Energy,USD,NYQ,47.13,VendorC
US6VILR5VDI4,EW,Edwards Lifesciences Corporation,Healthcare,USD,NYQ,74.81,VendorC
USMCGGSQKPDJ,COR,"Cencora, Inc.",Healthcare,USD,NYQ,227.69,VendorC
USFD3XGA2XBQ,KDP,Keurig Dr Pepper Inc.,Consumer Defensive,USD,NMS,32.37,VendorC
US9KQVY19U2Z,FIS,"Fidelity National Information Services, Inc.",Technology,USD,NYQ,81.46,VendorC
USP5350ZOB3G,KMB,Kimberly-Clark Corporation,Consumer Defensive,USD,NYQ,131.32,VendorC
USTI7JU73ILI,NEM,Newmont Corporation,Basic Materials,USD,NYQ,38.28,VendorC
US3IY773XAUA,DFS,Discover Financial Services,Financial Services,USD,NYQ,173.16,VendorC
UST5NRWTL0KI,PCG,PG&E Corporation,Utilities,USD,NYQ,19.82,VendorC
USNWGKVGI24W,TEL,TE Connectivity plc,Technology,USD,NYQ,143.67,VendorC
USYZ6USMTDN6,MPC,Marathon Petroleum Corporation,Energy,USD,NYQ,133.38,VendorC
USA6GVTIGA9C,FAST,Fastenal Company,Industrials,USD,NMS,74.82,VendorC
USYEFCJN00UH,AME,"AMETEK, Inc.",Industrials,USD,NYQ,183.36,VendorC
USF265EX96EP,PEG,Public Service Enterprise Group Incorporated,Utilities,USD,NYQ,85.06,VendorC
USI36T343JKN,PRU,"Prudential Financial, Inc.",Financial Services,USD,NYQ,117.83,VendorC
USTVGVDPH9O0,KVUE,Kenvue Inc.,Consumer Defensive,USD,NYQ,21.77,VendorC
US0SLW758B9H,STZ,"Constellation Brands, Inc.",Consumer Defensive,USD,NYQ,227.63,VendorC
US6Z1SF2SKTL,GLW,Corning Incorporated,Technology,USD,NYQ,47.31,VendorC
USK6TSY9FHWR,LHX,"L3Harris Technologies, Inc.",Industrials,USD,NYQ,213.55,VendorC
USLWQXDPP8BO,GRMN,Garmin Ltd.,Technology,USD,NYQ,208.99,VendorC
USIOUK1T46SP,BKR,Baker Hughes Company,Energy,USD,NMS,40.32,VendorC
USUP7CUC65E7,CBRE,"CBRE Group, Inc.",Real Estate,USD,NYQ,129.16,VendorC
USSXH64CNHLK,CTVA,"Corteva, Inc.",Basic Materials,USD,NYQ,57.48,VendorC
USQ3GU9L1XXC,HES,Hess Corporation,Energy,USD,NYQ,128.19,VendorC
USIXZ07EILXZ,CCI,Crown Castle Inc.,Real Estate,USD,NYQ,90.66,VendorC
USW2UM969BDZ,DAL,"Delta Air Lines, Inc.",Industrials,USD,NYQ,60.93,VendorC
USIL2VJZO32Y,CTSH,Cognizant Technology Solutions Corporation,Technology,USD,NMS,79.23,VendorC
USCLJQAOKQRS,F,Ford Motor Company,Consumer Cyclical,USD,NYQ,9.88,VendorC
US726C00W2RB,VRSK,"Verisk Analytics, Inc.",Industrials,USD,NMS,276.86,VendorC
USXA9UM2D8LX,EA,Electronic Arts Inc.,Communication Services,USD,NMS,147.8,VendorC
USC6WC889SA6,ODFL,"Old Dominion Freight Line, Inc.",Industrials,USD,NMS,181.37,VendorC
USLR1V1XQ5LZ,XEL,Xcel Energy Inc.,Utilities,USD,NMS,67.4,VendorC
US61GXUBNLDZ,TRGP,Targa Resources Corp.,Energy,USD,NYQ,176.79,VendorC
US71I9PKQCXH,A,"Agilent Technologies, Inc.",Healthcare,USD,NYQ,134.51,VendorC
USZCX0YVAGH6,IT,"Gartner, Inc.",Technology,USD,NYQ,491.25,VendorC
US5S78TSA5PM,LVS,Las Vegas Sands Corp.,Consumer Cyclical,USD,NYQ,52.25,VendorC
USIMX1CHI44T,SYY,Sysco Corporation,Consumer Defensive,USD,NYQ,76.97,VendorC
USBL7NMMNNDJ,VLO,Valero Energy Corporation,Energy,USD,NYQ,118.59,VendorC
USNSJ5HPFYAK,OTIS,Otis Worldwide Corporation,Industrials,USD,NYQ,93.56,VendorC
USQOKL7FT8Z8,LEN,Lennar Corporation,Consumer Cyclical,USD,NYQ,138.08,VendorC
US2CY2ZRV40H,EXC,Exelon Corporation,Utilities,USD,NMS,37.02,VendorC
USMML0NM4H83,IR,Ingersoll Rand Inc.,Industrials,USD,NYQ,92.28,VendorC
USYESKY7K6M7,YUM,"Yum! Brands, Inc.",Consumer Cyclical,USD,NYQ,132.36,VendorC
USI0YK6XHC1Z,KHC,The Kraft Heinz Company,Consumer Defensive,USD,NMS,30.52,VendorC
USANU2TXPFKM,GEHC,GE HealthCare Technologies Inc.,Healthcare,USD,NMS,78.91,VendorC
USAS4PV70DY2,IQV,IQVIA Holdings Inc.,Healthcare,USD,NYQ,197.27,VendorC
USKR4PD0GC6Y,GIS,"General Mills, Inc.",Consumer Defensive,USD,NYQ,63.61,VendorC
USWM4GVCB3NB,CCL,Carnival Corporation & plc,Consumer Cyclical,USD,NYQ,26.8,VendorC
USX4G2L7CRWI,RMD,ResMed Inc.,Healthcare,USD,NYQ,237.27,VendorC
USH8V73MI74S,VMC,Vulcan Materials Company,Basic Materials,USD,NYQ,263.13,VendorC
US0I6LERMRN0,HSY,The Hershey Company,Consumer Defensive,USD,NYQ,170.26,VendorC
USW4G7B6X2OD,ACGL,Arch Capital Group Ltd.,Financial Services,USD,NMS,90.99,VendorC
USASL9JXYYM8,IDXX,"IDEXX Laboratories, Inc.",Healthcare,USD,NMS,412.26,VendorC
US1YN32NOEYN,WAB,Westinghouse Air Brake Technologies Corporation,Industrials,USD,NYQ,193.03,VendorC
USAZG70FTYG7,ROK,"Rockwell Automation, Inc.",Industrials,USD,NYQ,289.79,VendorC
USUBQVVY8VRP,MLM,"Martin Marietta Materials, Inc.",Basic Materials,USD,NYQ,533.69,VendorC
USFMH6OLIE8Q,EXR,Extra Space Storage Inc.,Real Estate,USD,NYQ,147.0,VendorC
USAIEQY3TRTZ,DD,"DuPont de Nemours, Inc.",Basic Materials,USD,NYQ,77.28,VendorC
US5WY9YYF93M,ETR,Entergy Corporation,Utilities,USD,NYQ,75.13,VendorC
USILS67Z2NVG,DECK,Deckers Outdoor Corporation,Consumer Cyclical,USD,NYQ,210.97,VendorC
US0A7OGA6LYP,EFX,Equifax Inc.,Industrials,USD,NYQ,258.43,VendorC
USM93VBJS0BL,UAL,"United Airlines Holdings, Inc.",Industrials,USD,NMS,97.4,VendorC
USVWMXXLSPDO,WTW,Willis Towers Watson Public Limited Company,Financial Services,USD,NMS,317.57,VendorC
USF4HNRZ6T75,TTWO,"Take-Two Interactive Software, Inc.",Communication Services,USD,NMS,181.97,VendorC
USRB0W8CNSBU,HIG,"The Hartford Financial Services Group, Inc.",Financial Services,USD,NYQ,109.47,VendorC
US3Q7R18DZAL,RJF,"Raymond James Financial, Inc.",Financial Services,USD,NYQ,155.05,VendorC
USWDONJ7XKVH,AVB,"AvalonBay Communities, Inc.",Real Estate,USD,NYQ,222.17,VendorC
USLX0TPHA8CQ,MTB,M&T Bank Corporation,Financial Services,USD,NYQ,189.48,VendorC
USF52NPZDS5C,DXCM,"DexCom, Inc.",Healthcare,USD,NMS,80.04,VendorC
USXZUCU94KMR,ED,"Consolidated Edison, Inc.",Utilities,USD,NYQ,90.03,VendorC
USZA7VGGMSUJ,EBAY,eBay Inc.,Consumer Cyclical,USD,NMS,65.01,VendorC
USPGGZ89N326,HPQ,HP Inc.,Technology,USD,NYQ,32.94,VendorC
USSI6RQTSTE6,IRM,Iron Mountain Incorporated,Real Estate,USD,NYQ,105.1,VendorC
USQP3F24942E,EIX,Edison International,Utilities,USD,NYQ,79.52,VendorC
USTHK5SDM1UK,LYV,"Live Nation Entertainment, Inc.",Communication Services,USD,NYQ,133.28,VendorC
US7WNKDOVDVB,VICI,VICI Properties Inc.,Real Estate,USD,NYQ,28.79,VendorC
USEZEZL8ISM7,CNC,Centene Corporation,Healthcare,USD,NYQ,59.58,VendorC
US8MW329SB8A,WEC,"WEC Energy Group, Inc.",Utilities,USD,NYQ,94.5,VendorC
US7P3V2Z9ROP,MCHP,Microchip Technology Incorporated,Technology,USD,NMS,55.51,VendorC
USRGTQTDBFJI,HUM,Humana Inc.,Healthcare,USD,NYQ,247.1,VendorC
USHMQDSLWJDJ,ANSS,"ANSYS, Inc.",Technology,USD,NMS,338.38,VendorC
USKIQY8APTEN,BRO,"Brown & Brown, Inc.",Financial Services,USD,NYQ,102.93,VendorC
USINQEOKM42C,CSGP,"CoStar Group, Inc.",Real Estate,USD,NMS,71.44,VendorC
USZQBBSSEWFD,MPWR,"Monolithic Power Systems, Inc.",Technology,USD,NMS,593.22,VendorC
USI0GI7XFVDQ,GDDY,GoDaddy Inc.,Technology,USD,NYQ,205.41,VendorC
US0NZD6P8YX9,TSCO,Tractor Supply Company,Consumer Cyclical,USD,NMS,53.92,VendorC
US3F0RIPKZKQ,STT,State Street Corporation,Financial Services,USD,NYQ,98.2,VendorC
USZH0CLFJ5KT,CAH,"Cardinal Health, Inc.",Healthcare,USD,NYQ,118.28,VendorC
USGZ8TH0LH32,GPN,Global Payments Inc.,Industrials,USD,NYQ,112.03,VendorC
USC4MTGTU7PQ,FITB,Fifth Third Bancorp,Financial Services,USD,NMS,42.93,VendorC
USEQB9SF6OWB,XYL,Xylem Inc.,Industrials,USD,NYQ,117.14,VendorC
USWLTEH6F6J4,HPE,Hewlett Packard Enterprise Company,Technology,USD,NYQ,21.61,VendorC
US8THJ38VAFQ,KEYS,"Keysight Technologies, Inc.",Technology,USD,NYQ,163.22,VendorC
US14ZBAN0001,DOW,Dow Inc.,Basic Materials,USD,NYQ,39.94,VendorC
USQU53AM97O9,EQR,Equity Residential,Real Estate,USD,NYQ,71.35,VendorC
USS5WKD6M4Z7,ON,ON Semiconductor Corporation,Technology,USD,NMS,65.5,VendorC
USBA08XPLYY5,PPG,"PPG Industries, Inc.",Basic Materials,USD,NYQ,120.21,VendorC
USALDGE9WXSK,K,Kellanova,Consumer Defensive,USD,NYQ,80.5,VendorC
USW0TIR1X9KL,SW,Smurfit Westrock Plc,Consumer Cyclical,USD,NYQ,53.28,VendorC
USHKBA0V98TS,NUE,Nucor Corporation,Basic Materials,USD,NYQ,116.58,VendorC
USS4EEP1NXKW,EL,The Estée Lauder Companies Inc.,Consumer Defensive,USD,NYQ,74.36,VendorC
US4X3Q61NLXY,BR,"Broadridge Financial Solutions, Inc.",Technology,USD,NYQ,226.01,VendorC
USKOVUPHTMJO,WBD,"Warner Bros. Discovery, Inc.",Communication Services,USD,NMS,10.69,VendorC
USW67OZBV3XD,TPL,Texas Pacific Land Corporation,Energy,USD,NYQ,1133.12,VendorC
USBPFSDRHXOF,CHD,"Church & Dwight Co., Inc.",Consumer Defensive,USD,NYQ,106.1,VendorC
USMVZMKMINVB,MTD,Mettler-Toledo International Inc.,Healthcare,USD,NYQ,1230.74,VendorC
USQSJGUF2T0B,DOV,Dover Corporation,Industrials,USD,NYQ,189.27,VendorC
USU3NXP2BO8Q,TYL,"Tyler Technologies, Inc.",Technology,USD,NYQ,605.42,VendorC
USA6Q9XFG2Z4,FTV,Fortive Corporation,Technology,USD,NYQ,74.45,VendorC
USN0862G8HMX,TROW,"T. Rowe Price Group, Inc.",Financial Services,USD,NMS,116.12,VendorC
USS6RZZADK5U,VLTO,Veralto Corporation,Industrials,USD,NYQ,104.25,VendorC
USMGB7WUSVUA,EQT,EQT Corporation,Energy,USD,NYQ,42.99,VendorC
USRCAX62LRS6,SYF,Synchrony Financial,Financial Services,USD,NYQ,65.45,VendorC
USYMZVERGZ6D,NVR,"NVR, Inc.",Consumer Cyclical,USD,NYQ,8276.78,VendorC
USZGHOL1X1AE,DTE,DTE Energy Company,Utilities,USD,NYQ,120.18,VendorC
USBGB7TTPPME,VTR,"Ventas, Inc.",Real Estate,USD,NYQ,58.76,VendorC
US98T5D20ZRK,AWK,"American Water Works Company, Inc.",Utilities,USD,NYQ,125.92,VendorC
USIY60NW20KR,ADM,Archer-Daniels-Midland Company,Consumer Defensive,USD,NYQ,50.49,VendorC
US2EUHN243NI,NTAP,"NetApp, Inc.",Technology,USD,NMS,118.45,VendorC
USU8OK9FSCV8,WST,"West Pharmaceutical Services, Inc.",Healthcare,USD,NYQ,331.4,VendorC
USXF4UFR2NPD,CPAY,"Corpay, Inc.",Technology,USD,NYQ,343.83,VendorC
US3DLAI366JK,PPL,PPL Corporation,Utilities,USD,NYQ,32.43,VendorC
USNON7NXCGXZ,LYB,LyondellBasell Industries N.V.,Basic Materials,USD,NYQ,73.5,VendorC
USYHRG8IFR5S,AEE,Ameren Corporation,Utilities,USD,NYQ,89.29,VendorC
USGC4966X1HH,EXPE,"Expedia Group, Inc.",Consumer Cyclical,USD,NMS,184.75,VendorC
USBQLE0OUOAM,HBAN,Huntington Bancshares Incorporated,Financial Services,USD,NMS,16.32,VendorC
USX5IDCIF71H,CDW,CDW Corporation,Technology,USD,NMS,174.53,VendorC
US941LRPXY9Q,FE,FirstEnergy Corp.,Utilities,USD,NYQ,39.79,VendorC
USWWBE4ES6FG,HUBB,Hubbell Incorporated,Industrials,USD,NYQ,426.8,VendorC
US62KXJY8X5V,HAL,Halliburton Company,Energy,USD,NYQ,25.97,VendorC
USZ8J5XFY2U5,ROL,"Rollins, Inc.",Consumer Cyclical,USD,NYQ,46.92,VendorC
USMPB9G3J2ZA,PHM,"PulteGroup, Inc.",Consumer Cyclical,USD,NYQ,110.52,VendorC
USIKCIKH4AEX,CINF,Cincinnati Financial Corporation,Financial Services,USD,NMS,144.57,VendorC
USF0K877VR48,PTC,PTC Inc.,Technology,USD,NMS,187.58,VendorC
US3IRJ1FKB9Q,WRB,W. R. Berkley Corporation,Financial Services,USD,NYQ,58.57,VendorC
USISZJHJLB1B,DRI,"Darden Restaurants, Inc.",Consumer Cyclical,USD,NYQ,187.59,VendorC
US6207WRKA4Y,FOXA,Fox Corporation,Communication Services,USD,NMS,49.53,VendorC
US3ANBRKQ31Z,FOX,Fox Corporation,Communication Services,USD,NMS,46.65,VendorC
USKNB56CE76X,IFF,International Flavors & Fragrances Inc.,Basic Materials,USD,NYQ,85.74,VendorC
USEGQ4NHR4O9,SBAC,SBA Communications Corporation,Real Estate,USD,NMS,203.57,VendorC
USBVTDVKQRK6,WAT,Waters Corporation,Healthcare,USD,NYQ,368.16,VendorC
USXJZOVRSAUH,ERIE,Erie Indemnity Company,Financial Services,USD,NMS,416.48,VendorC
USICA1DSJOSZ,TDY,Teledyne Technologies Incorporated,Technology,USD,NYQ,467.25,VendorC
USMWRVUF2W72,ATO,Atmos Energy Corporation,Utilities,USD,NYQ,139.69,VendorC
USDRXO0GHV5V,RF,Regions Financial Corporation,Financial Services,USD,NYQ,23.77,VendorC
USO3GV2EPVZR,BIIB,Biogen Inc.,Healthcare,USD,NMS,146.47,VendorC
US7XN5962YGQ,ZBH,"Zimmer Biomet Holdings, Inc.",Healthcare,USD,NYQ,107.12,VendorC
USKYHBFTF6A3,CNP,"CenterPoint Energy, Inc.",Utilities,USD,NYQ,32.54,VendorC
USZ8RUF1MXD6,MKC,"McCormick & Company, Incorporated",Consumer Defensive,USD,NYQ,78.86,VendorC
USGBY576GWN3,ES,Eversource Energy,Utilities,USD,NYQ,56.95,VendorC
US782RZCH3HQ,WDC,Western Digital Corporation,Technology,USD,NMS,60.24,VendorC
US0ZKF73EYSC,TSN,"Tyson Foods, Inc.",Consumer Defensive,USD,NYQ,58.02,VendorC
USUB2JIPILIX,TER,"Teradyne, Inc.",Technology,USD,NMS,125.95,VendorC
US5K1L7UWRCS,STE,STERIS plc,Healthcare,USD,NYQ,207.49,VendorC
USIAF583G313,PKG,Packaging Corporation of America,Consumer Cyclical,USD,NYQ,227.98,VendorC
US9UYEXBYEPC,CLX,The Clorox Company,Consumer Defensive,USD,NYQ,164.44,VendorC
US4XBUVF8W46,NTRS,Northern Trust Corporation,Financial Services,USD,NMS,102.48,VendorC
USKJ9G4MRUWX,ZBRA,Zebra Technologies Corporation,Technology,USD,NMS,393.04,VendorC
USDSQZ4C9I8T,DVN,Devon Energy Corporation,Energy,USD,NYQ,30.77,VendorC
USJSRRPS2IJ2,CBOE,"Cboe Global Markets, Inc.",Financial Services,USD,BTS,191.61,VendorC
USY7YSVV0ICZ,WY,Weyerhaeuser Company,Real Estate,USD,NYQ,27.5,VendorC
US7IJECEFDK1,LUV,Southwest Airlines Co.,Industrials,USD,NYQ,33.28,VendorC
USYUYSAEPD11,ULTA,"Ulta Beauty, Inc.",Consumer Cyclical,USD,NMS,430.01,VendorC
USAN17V13K8K,CMS,CMS Energy Corporation,Utilities,USD,NYQ,66.61,VendorC
USS8SC85QR0Q,INVH,Invitation Homes Inc.,Real Estate,USD,NYQ,32.14,VendorC
USN9D8DKYHH0,FSLR,"First Solar, Inc.",Technology,USD,NMS,182.39,VendorC
US2KHB8UDB2E,BF-B,Brown-Forman Corporation,Consumer Defensive,USD,NYQ,41.28,VendorC
USCKI2RN2ZHR,LDOS,"Leidos Holdings, Inc.",Technology,USD,NYQ,144.81,VendorC
USJD24EA4SRG,CFG,"Citizens Financial Group, Inc.",Financial Services,USD,NYQ,43.45,VendorC
USRDRFBNKZGP,LH,Labcorp Holdings Inc.,Healthcare,USD,NYQ,228.61,VendorC
USOQG2YWZOR4,VRSN,"VeriSign, Inc.",Technology,USD,NMS,198.84,VendorC
US15KK6GSDV3,IP,International Paper Company,Consumer Cyclical,USD,NYQ,54.45,VendorC
USCUX4HCZYPZ,ESS,"Essex Property Trust, Inc.",Real Estate,USD,NYQ,283.76,VendorC
US00W4B3L2OW,PODD,Insulet Corporation,Healthcare,USD,NMS,266.57,VendorC
USBC2OPA4BPT,COO,"The Cooper Companies, Inc.",Healthcare,USD,NMS,93.44,VendorC
USY6RLF0VPIP,SMCI,"Super Micro Computer, Inc.",Technology,USD,NMS,31.59,VendorC
USUSOY6ZM5NL,STX,Seagate Technology Holdings plc,Technology,USD,NMS,87.31,VendorC
USII9ENTKGNQ,MAA,"Mid-America Apartment Communities, Inc.",Real Estate,USD,NYQ,153.4,VendorC
USVS8T5V8MP1,FDS,FactSet Research Systems Inc.,Financial Services,USD,NYQ,483.52,VendorC
UST1ZGDEIKLI,NRG,"NRG Energy, Inc.",Utilities,USD,NYQ,90.45,VendorC
USB5J8J1QXH4,BBY,"Best Buy Co., Inc.",Consumer Cyclical,USD,NYQ,85.55,VendorC
USTBFABMV0OH,SNA,Snap-on Incorporated,Industrials,USD,NYQ,343.65,VendorC
US6N4AQQLGDJ,L,Loews Corporation,Financial Services,USD,NYQ,83.19,VendorC
USV26XL9UAJA,PFG,"Principal Financial Group, Inc.",Financial Services,USD,NMS,77.3,VendorC
US1D0GDDMO4Y,STLD,"Steel Dynamics, Inc.",Basic Materials,USD,NMS,115.69,VendorC
USHF4OZSUHVZ,TRMB,Trimble Inc.,Technology,USD,NMS,71.64,VendorC
US3OLYUOB1NB,OMC,Omnicom Group Inc.,Communication Services,USD,NYQ,88.86,VendorC
USO6SH46W12G,CTRA,Coterra Energy Inc.,Energy,USD,NYQ,23.68,VendorC
USBBCM1DHPVX,HRL,Hormel Foods Corporation,Consumer Defensive,USD,NYQ,31.68,VendorC
USCR2MTUDL3T,ARE,"Alexandria Real Estate Equities, Inc.",Real Estate,USD,NYQ,99.17,VendorC
USM7OP47UJTA,BLDR,"Builders FirstSource, Inc.",Industrials,USD,NYQ,150.5,VendorC
US21ZPN5SQ8Q,JBHT,"J.B. Hunt Transport Services, Inc.",Industrials,USD,NMS,170.23,VendorC
US4SYS8AV4AU,GEN,Gen Digital Inc.,Technology,USD,NMS,27.83,VendorC
USMQOPR772RZ,DGX,Quest Diagnostics Incorporated,Healthcare,USD,NYQ,153.1,VendorC
USED92AWZG1U,KEY,KeyCorp,Financial Services,USD,NYQ,17.09,VendorC
US9V0MIQHMEA,NI,NiSource Inc.,Utilities,USD,NYQ,36.17,VendorC
USJYWZ9I6O8F,MOH,"Molina Healthcare, Inc.",Healthcare,USD,NYQ,294.73,VendorC
USSZE06V34P0,PNR,Pentair plc,Industrials,USD,NYQ,101.95,VendorC
US9C7ZWEGMI8,J,Jacobs Solutions Inc.,Industrials,USD,NYQ,135.75,VendorC
USU75UB0UX8M,DG,Dollar General Corporation,Consumer Defensive,USD,NYQ,76.4,VendorC
USVU3JT6BCOV,BALL,Ball Corporation,Consumer Cyclical,USD,NYQ,55.8,VendorC
USASBK8Z40AH,NWS,News Corporation,Communication Services,USD,NMS,30.7,VendorC
USCD0B965I2Z,NWSA,News Corporation,Communication Services,USD,NMS,27.86,VendorC
USWQQ6YNBMUR,UDR,"UDR, Inc.",Real Estate,USD,NYQ,43.46,VendorC
USETY8GYR9E0,HOLX,"Hologic, Inc.",Healthcare,USD,NMS,71.65,VendorC
USGQ3MVA1YI0,JBL,Jabil Inc.,Technology,USD,NYQ,145.0,VendorC
USGPLG6M4RG4,GPC,Genuine Parts Company,Consumer Cyclical,USD,NYQ,115.73,VendorC
US2SL6H13OTT,IEX,IDEX Corporation,Industrials,USD,NYQ,212.38,VendorC
USGZKHQNCK68,MAS,Masco Corporation,Industrials,USD,NYQ,74.39,VendorC
USYMYQ0G7R11,KIM,Kimco Realty Corporation,Real Estate,USD,NYQ,23.42,VendorC
USY1UZ1X11VV,ALGN,"Align Technology, Inc.",Healthcare,USD,NMS,211.06,VendorC
US10VTVNIWPY,DLTR,"Dollar Tree, Inc.",Consumer Defensive,USD,NMS,72.94,VendorC
US8GRI1UO8B8,EXPD,"Expeditors International of Washington, Inc.",Industrials,USD,NYQ,111.48,VendorC
USFMLU7365CK,EG,"Everest Group, Ltd.",Financial Services,USD,NYQ,356.64,VendorC
USALNOEOIO8F,MRNA,"Moderna, Inc.",Healthcare,USD,NMS,39.39,VendorC
US623WW90K4C,LNT,Alliant Energy Corporation,Utilities,USD,NMS,58.95,VendorC
USSIT9KWPCI8,AVY,Avery Dennison Corporation,Consumer Cyclical,USD,NYQ,188.13,VendorC
USXLA2O1O1RT,BAX,Baxter International Inc.,Healthcare,USD,NYQ,29.5,VendorC
US6QZN8OS2GU,TPR,"Tapestry, Inc.",Consumer Cyclical,USD,NYQ,64.15,VendorC
USXINEPWEEIL,VTRS,Viatris Inc.,Healthcare,USD,NMS,12.52,VendorC
USQ7YVX6Y48R,CF,"CF Industries Holdings, Inc.",Basic Materials,USD,NYQ,84.98,VendorC
USDIT9H6NZQ0,FFIV,"F5, Inc.",Technology,USD,NMS,252.25,VendorC
US4TK9YF4A40,DPZ,"Domino's Pizza, Inc.",Consumer Cyclical,USD,NYQ,426.18,VendorC
US2L3YKJWZCB,AKAM,"Akamai Technologies, Inc.",Technology,USD,NMS,95.89,VendorC
USAURL8ATDB7,RL,Ralph Lauren Corporation,Consumer Cyclical,USD,NYQ,230.28,VendorC
USYSKVIQFIF9,TXT,Textron Inc.,Industrials,USD,NYQ,76.85,VendorC
USW7FB0SCDQU,SWKS,"Skyworks Solutions, Inc.",Technology,USD,NMS,88.75,VendorC
USPDSBLZ285D,EVRG,"Evergy, Inc.",Utilities,USD,NMS,61.43,VendorC
USNUA2UQL4WI,EPAM,"EPAM Systems, Inc.",Technology,USD,NYQ,248.26,VendorC
USXIZ20VETUE,DOC,"Healthpeak Properties, Inc.",Real Estate,USD,NYQ,20.12,VendorC
USG80UTLV6U2,APTV,Aptiv PLC,Consumer Cyclical,USD,NYQ,58.86,VendorC
USIZ5W2OV5XD,RVTY,"Revvity, Inc.",Healthcare,USD,NYQ,112.56,VendorC
USG3MLFDONB8,AMCR,Amcor plc,Consumer Cyclical,USD,NYQ,9.4,VendorC
USKJ281D5J02,REG,Regency Centers Corporation,Real Estate,USD,NMS,73.8,VendorC
US5IJ1VW3Y4D,POOL,Pool Corporation,Industrials,USD,NMS,349.04,VendorC
US57OXRA3H77,INCY,Incyte Corporation,Healthcare,USD,NMS,68.84,VendorC
USGB6ZA7295D,BXP,"BXP, Inc.",Real Estate,USD,NYQ,74.64,VendorC
USL8IFAS0Q61,KMX,"CarMax, Inc.",Consumer Cyclical,USD,NYQ,84.27,VendorC
USWT9ZOF6V15,CAG,"Conagra Brands, Inc.",Consumer Defensive,USD,NYQ,27.11,VendorC
USEYFGA6M181,HST,"Host Hotels & Resorts, Inc.",Real Estate,USD,NMS,18.2,VendorC
USYFFBI5XTID,JKHY,"Jack Henry & Associates, Inc.",Technology,USD,NMS,176.74,VendorC
USEK9R6QKZ1M,SWK,"Stanley Black & Decker, Inc.",Industrials,USD,NYQ,82.0,VendorC
USMH3XGEBJXS,DVA,DaVita Inc.,Healthcare,USD,NYQ,151.85,VendorC
USNTDOUVC39V,CPB,The Campbell's Company,Consumer Defensive,USD,NMS,41.5,VendorC
US4DZJWO4D5G,CHRW,"C.H. Robinson Worldwide, Inc.",Industrials,USD,NMS,104.34,VendorC
USEP2Q6V9Q1F,JNPR,"Juniper Networks, Inc.",Technology,USD,NYQ,37.24,VendorC
USLTV5MRP1PI,CPT,Camden Property Trust,Real Estate,USD,NYQ,114.91,VendorC
US6SMRETB64G,TAP,Molson Coors Beverage Company,Consumer Defensive,USD,NYQ,59.34,VendorC
USYK5FBGUKZX,NDSN,Nordson Corporation,Industrials,USD,NMS,209.73,VendorC
USJPUE0T96DQ,PAYC,"Paycom Software, Inc.",Technology,USD,NYQ,207.23,VendorC
US8UA38U04FC,UHS,"Universal Health Services, Inc.",Healthcare,USD,NYQ,180.11,VendorC
US0L91NKC1FE,NCLH,Norwegian Cruise Line Holdings Ltd.,Consumer Cyclical,USD,NYQ,26.91,VendorC
US1RNN64G2FB,DAY,Dayforce Inc,Technology,USD,NYQ,74.84,VendorC
USKJ5ZAW82Y1,SJM,The J. M. Smucker Company,Consumer Defensive,USD,NYQ,109.89,VendorC
USBA8NY2PD7N,TECH,Bio-Techne Corporation,Healthcare,USD,NMS,73.17,VendorC
USONNLO41NZW,SOLV,Solventum Corporation,Healthcare,USD,NYQ,66.83,VendorC
USLSOU1WT9K3,ALLE,Allegion plc,Industrials,USD,NYQ,132.18,VendorC
USI3ASR4POQR,BG,Bunge Global SA,Consumer Defensive,USD,NYQ,79.1,VendorC
US0U764XNGDS,AIZ,"Assurant, Inc.",Financial Services,USD,NYQ,212.27,VendorC
USQTFSMFKOZ4,IPG,"The Interpublic Group of Companies, Inc.",Communication Services,USD,NYQ,29.07,VendorC
USPU89PZUIEM,BEN,"Franklin Resources, Inc.",Financial Services,USD,NYQ,20.49,VendorC
USXO22ZLAFYQ,EMN,Eastman Chemical Company,Basic Materials,USD,NYQ,91.76,VendorC
US60W97ND6CV,ALB,Albemarle Corporation,Basic Materials,USD,NYQ,88.65,VendorC
US340GXF6TJ9,MGM,MGM Resorts International,Consumer Cyclical,USD,NYQ,34.16,VendorC
US35WNLBVCHE,AOS,A. O. Smith Corporation,Industrials,USD,NYQ,68.72,VendorC
US6MP0GGRAK7,WYNN,"Wynn Resorts, Limited",Consumer Cyclical,USD,NMS,88.95,VendorC
US4Y3JR5ZRLI,PNW,Pinnacle West Capital Corporation,Utilities,USD,NYQ,84.96,VendorC
USKRI081L2JS,ENPH,"Enphase Energy, Inc.",Technology,USD,NGM,71.45,VendorC
USU9QXP03W3V,LKQ,LKQ Corporation,Consumer Cyclical,USD,NMS,36.88,VendorC
US107O0CDRQU,FRT,Federal Realty Investment Trust,Real Estate,USD,NYQ,111.92,VendorC
US8R7BQUGGXD,CRL,"Charles River Laboratories International, Inc.",Healthcare,USD,NYQ,185.77,VendorC
USGO7AUKKXTV,GNRC,Generac Holdings Inc.,Industrials,USD,NYQ,156.26,VendorC
US7LKW1OXJMA,AES,The AES Corporation,Utilities,USD,NYQ,13.0,VendorC
US6BBTDDRLZ8,GL,Globe Life Inc.,Financial Services,USD,NYQ,109.39,VendorC
US736LJJ9IAT,LW,"Lamb Weston Holdings, Inc.",Consumer Defensive,USD,NYQ,62.09,VendorC
USCMUSTVD7T9,HSIC,"Henry Schein, Inc.",Healthcare,USD,NMS,69.82,VendorC
USHNCUHQEFXK,MKTX,MarketAxess Holdings Inc.,Financial Services,USD,NMS,230.15,VendorC
US0LGQWIZHN9,MTCH,"Match Group, Inc.",Communication Services,USD,NMS,33.76,VendorC
US7ANIO13EBA,TFX,Teleflex Incorporated,Healthcare,USD,NYQ,178.16,VendorC
USQT5M3NMTN7,WBA,"Walgreens Boots Alliance, Inc.",Healthcare,USD,NMS,9.55,VendorC
US5EF33RLLWJ,HAS,"Hasbro, Inc.",Consumer Cyclical,USD,NMS,57.58,VendorC
USX8E5A8ZWJD,IVZ,Invesco Ltd.,Financial Services,USD,NYQ,17.33,VendorC
USYEK4BNJ3B6,APA,APA Corporation,Energy,USD,NMS,21.04,VendorC
USH21SUQ87HY,MOS,The Mosaic Company,Basic Materials,USD,NYQ,24.07,VendorC
USVDRHIX86GZ,PARA,Paramount Global,Communication Services,USD,NMS,10.66,VendorC
US96NQ0YTL3W,MHK,"Mohawk Industries, Inc.",Consumer Cyclical,USD,NYQ,119.16,VendorC
USXSIYB364J4,CE,Celanese Corporation,Basic Materials,USD,NYQ,68.25,VendorC
USNPKGFRARYU,HII,"Huntington Ingalls Industries, Inc.",Industrials,USD,NYQ,190.45,VendorC
US6JVM582OGO,CZR,"Caesars Entertainment, Inc.",Consumer Cyclical,USD,NMS,32.82,VendorC
US2ML49H7JB5,BWA,BorgWarner Inc.,Consumer Cyclical,USD,NYQ,31.88,VendorC
USUBXRXOMX4C,QRVO,"Qorvo, Inc.",Technology,USD,NMS,70.85,VendorC
USXAUOBRHPP7,FMC,FMC Corporation,Basic Materials,USD,NYQ,50.15,VendorC
USXO7A03YINF,AMTM,"Amentum Holdings, Inc.",Industrials,USD,NYQ,19.17,VendorC
